UniqueID,PBD ID,PDB_ID,Ligand(s),All Ligand Candidates,All Residues
AChE_1,pdb_00007d9o,7D9O,NAG,"FUC, H0L, NAG","ALA, ARG, ASN, ASP, CYS, FUC, GLN, GLU, GLY, H0L, HIS, HOH, ILE, LEU, LYS, MET, NAG, PHE, PRO, SER, THR, TRP, TYR, VAL"
AChE_2,pdb_00007d9p,7D9P,NAG,"FUC, H0R, NAG","ALA, ARG, ASN, ASP, CYS, FUC, GLN, GLU, GLY, H0R, HIS, ILE, LEU, LYS, MET, NAG, PHE, PRO, SER, THR, TRP, TYR, VAL"
AChE_3,pdb_00007d9q,7D9Q,NAG,"FUC, H1R, NAG","ALA, ARG, ASN, ASP, CYS, FUC, GLN, GLU, GLY, H1R, HIS, HOH, ILE, LEU, LYS, MET, NAG, PHE, PRO, SER, THR, TRP, TYR, VAL"
AChE_4,pdb_00005hq3,5HQ3,VX,"MES, VX","ALA, ARG, ASN, ASP, CYS, GLN, GLU, GLY, HIS, HOH, ILE, LEU, LYS, MES, MET, PHE, PRO, SER, THR, TRP, TYR, VAL, VX"
AChE_7,pdb_00003lii,3LII,NAG,NAG,"ALA, ARG, ASN, ASP, CYS, GLN, GLU, GLY, HIS, HOH, ILE, LEU, LYS, MET, NAG, PHE, PRO, SER, SO4, THR, TRP, TYR, VAL"
AChE_9,pdb_00006o52,6O52,EBW,EBW,"ALA, ARG, ASN, ASP, CYS, EBW, GLN, GLU, GLY, HIS, HOH, ILE, LEU, LYS, MET, PHE, PRO, SER, THR, TRP, TYR, VAL"
AChE_10,pdb_00006o5r,6O5R,LND,LND,"ALA, ARG, ASN, ASP, CL, CYS, GLN, GLU, GLY, HIS, HOH, ILE, LEU, LND, LYS, MET, PHE, PRO, SER, THR, TRP, TYR, VAL"
AChE_11,pdb_00006o69,6O69,NAG,"FUC, NAG","ALA, ARG, ASN, ASP, CYS, FUC, GLN, GLU, GLY, HIS, HOH, ILE, LEU, LYS, MET, NAG, PHE, PRO, SER, THR, TRP, TYR, VAL"
AChE_12,pdb_00007e3d,7E3D,NAG,"FUC, NAG, PE8","ALA, ARG, ASN, ASP, CYS, FUC, GLN, GLU, GLY, HIS, HOH, ILE, LEU, LYS, MET, NAG, PE8, PHE, PRO, SER, THR, TRP, TYR, VAL"
AChE_13,pdb_00007e3h,7E3H,NAG,"E20, FUC, NAG","ALA, ARG, ASN, ASP, CYS, E20, FUC, GLN, GLU, GLY, HIS, HOH, ILE, LEU, LYS, MET, NAG, PHE, PRO, SER, THR, TRP, TYR, VAL"
AChE_14,pdb_00007rb5,7RB5,NWA,NWA,"ALA, ARG, ASN, ASP, CYS, GLN, GLU, GLY, HIS, HOH, ILE, LEU, LYS, MET, NWA, PHE, PRO, SER, THR, TRP, TYR, VAL"
AChE_15,pdb_00007rb7,7RB7,NWA,"3VI, NWA","3VI, ALA, ARG, ASN, ASP, CYS, GLN, GLU, GLY, HIS, HOH, ILE, LEU, LYS, MET, NWA, PHE, PRO, SER, THR, TRP, TYR, VAL"
AChE_16,pdb_00006ntl,6NTL,NAG,"7PE, FUC, L1M, NAG","7PE, ALA, ARG, ASN, ASP, CYS, FUC, GLN, GLU, GLY, HIS, HOH, ILE, L1M, LEU, LYS, MET, NAG, PHE, PRO, SER, THR, TRP, TYR, VAL"
AChE_17,pdb_00006o4w,6O4W,GOL,"E20, GOL, NO3","ALA, ARG, ASN, ASP, CYS, E20, GLN, GLU, GLY, GOL, HIS, HOH, ILE, LEU, LYS, MET, NO3, PHE, PRO, SER, THR, TRP, TYR, VAL"
AChE_18,pdb_00006o4x,6O4X,GOL,"AA, GOL, NO3","AA, ALA, ARG, ASN, ASP, CYS, GLN, GLU, GLY, GOL, HIS, HOH, ILE, LEU, LYS, MET, NO3, PHE, PRO, SER, THR, TRP, TYR, VAL"
AChE_19,pdb_00006o50,6O50,GOL,"EBW, GOL, NO3","ALA, ARG, ASN, ASP, CYS, EBW, GLN, GLU, GLY, GOL, HIS, HOH, ILE, LEU, LYS, MET, NO3, PHE, PRO, SER, THR, TRP, TYR, VAL"
AChE_20,pdb_00006o5s,6O5S,VX,"LND, VX","ALA, ARG, ASN, ASP, CYS, GLN, GLU, GLY, HIS, HOH, ILE, LEU, LND, LYS, MET, PHE, PRO, SER, THR, TRP, TYR, VAL, VX"
AChE_21,pdb_00006o5v,6O5V,GOL,"GOL, LND, NO3","ALA, ARG, ASN, ASP, CYS, GLN, GLU, GLY, GOL, HIS, HOH, ILE, LEU, LND, LYS, MET, NO3, PHE, PRO, SER, THR, TRP, TYR, VAL"
AChE_22,pdb_00006o66,6O66,GOL,"GOL, LND, SVX","ALA, ARG, ASN, ASP, CYS, GLN, GLU, GLY, GOL, HIS, HOH, ILE, LEU, LND, LYS, MET, PHE, PRO, SER, SVX, THR, TRP, TYR, VAL"
AChE_23,pdb_00006u34,6U34,GOL,"GOL, NO3, PQV","ALA, ARG, ASN, ASP, CYS, GLN, GLU, GLY, GOL, HIS, HOH, ILE, LEU, LYS, MET, NO3, PHE, PQV, PRO, SER, THR, TRP, TYR, VAL"
AChE_24,pdb_00006u37,6U37,GOL,"GOL, NO3, PQV, VX","ALA, ARG, ASN, ASP, CYS, GLN, GLU, GLY, GOL, HIS, HOH, ILE, LEU, LYS, MET, NO3, PHE, PQV, PRO, SER, THR, TRP, TYR, VAL, VX"
AChE_25,pdb_00006u3p,6U3P,PQY,"DMS, PQY","ALA, ARG, ASN, ASP, CYS, DMS, GLN, GLU, GLY, HIS, HOH, ILE, LEU, LYS, MET, PHE, PQY, PRO, SER, THR, TRP, TYR, VAL"
AChE_26,pdb_00007rb6,7RB6,GOL,"GOL, NO3, NWA","ALA, ARG, ASN, ASP, CYS, GLN, GLU, GLY, GOL, HIS, HOH, ILE, LEU, LYS, MET, NO3, NWA, PHE, PRO, SER, THR, TRP, TYR, VAL"
AChE_27,pdb_00007xn1,7XN1,NAG,"FUC, NAG, PE8, THA","ALA, ARG, ASN, ASP, CYS, FUC, GLN, GLU, GLY, HIS, HOH, ILE, LEU, LYS, MET, NAG, PE8, PHE, PRO, SER, THA, THR, TRP, TYR, VAL"
AChE_28,pdb_00008aev,8AEV,NAG,"FUC, GAL, LWU, NAG, SIA, TIS","ALA, ARG, ASN, ASP, CL, CYS, FUC, GAL, GLN, GLU, GLY, HIS, HOH, ILE, LEU, LWU, LYS, MET, MG, NAG, PHE, PRO, SER, SIA, SO4, THR, TIS, TRP, TYR, VAL, ZN"
AChE_29,pdb_00008dt2,8DT2,GOL,"DEP, DMS, GOL","ALA, ARG, ASN, ASP, CYS, DEP, DMS, GLN, GLU, GLY, GOL, HIS, HOH, ILE, LEU, LYS, MET, PHE, PRO, SER, THR, TRP, TYR, VAL"
AChE_30,pdb_00008dt4,8DT4,GOL,"3VI, DEP, GOL","3VI, ALA, ARG, ASN, ASP, CYS, DEP, GLN, GLU, GLY, GOL, HIS, HOH, ILE, LEU, LYS, MET, PHE, PRO, SER, THR, TRP, TYR, VAL"
AChE_31,pdb_00008dt5,8DT5,GOL,"DEP, GOL, LND","ALA, ARG, ASN, ASP, CYS, DEP, GLN, GLU, GLY, GOL, HIS, HOH, ILE, LEU, LND, LYS, MET, PHE, PRO, SER, THR, TRP, TYR, VAL"
AChE_32,pdb_00008dt7,8DT7,GOL,"3VI, GOL, NO3","3VI, ALA, ARG, ASN, ASP, CYS, GLN, GLU, GLY, GOL, HIS, HOH, ILE, LEU, LYS, MET, NO3, PHE, PRO, SER, THR, TRP, TYR, VAL"
AChE_33,pdb_00004m0e,4M0E,NAG,"1YL, EDO, FUC, NAG, NO3","1YL, ALA, ARG, ASN, ASP, CYS, EDO, FUC, GLN, GLU, GLY, HIS, HOH, ILE, LEU, LYS, MET, NAG, NO3, PHE, PRO, SER, THR, TRP, TYR, VAL"
AChE_34,pdb_00005hf6,5HF6,NAG,"EDO, EFS, FUC, NAG","ALA, ARG, ASN, ASP, CYS, EDO, EFS, FUC, GLN, GLU, GLY, HIS, HOH, ILE, LEU, LYS, MET, NAG, PHE, PRO, SER, THR, TRP, TYR, VAL"
AChE_35,pdb_00006cqt,6CQT,NAG,"7PE, FUC, NAG, VX","7PE, ALA, ARG, ASN, ASP, CYS, FUC, GLN, GLU, GLY, HIS, HOH, ILE, LEU, LYS, MET, NAG, PHE, PRO, SER, THR, TRP, TYR, VAL, VX"
AChE_36,pdb_00006cqu,6CQU,NAG,"7PE, FUC, HI6, NAG","7PE, ALA, ARG, ASN, ASP, CYS, FUC, GLN, GLU, GLY, HI6, HIS, HOH, ILE, LEU, LYS, MET, NAG, PHE, PRO, SER, THR, TRP, TYR, VAL"
AChE_37,pdb_00006cqv,6CQV,NAG,"FUC, HI6, NAG, VX","ALA, ARG, ASN, ASP, CYS, FUC, GLN, GLU, GLY, HI6, HIS, HOH, ILE, LEU, LYS, MET, NAG, PHE, PRO, SER, THR, TRP, TYR, VAL, VX"
AChE_38,pdb_00006cqw,6CQW,NAG,"FUC, HI6, NAG, VX","ALA, ARG, ASN, ASP, CYS, FUC, GLN, GLU, GLY, HI6, HIS, HOH, ILE, LEU, LYS, MET, NAG, PHE, PRO, SER, THR, TRP, TYR, VAL, VX"
AChE_39,pdb_00006cqx,6CQX,NAG,"7PE, FUC, NAG, VX","7PE, ALA, ARG, ASN, ASP, CYS, FUC, GLN, GLU, GLY, HIS, HOH, ILE, LEU, LYS, MET, NAG, PHE, PRO, SER, THR, TRP, TYR, VAL, VX"
AChE_40,pdb_00006cqz,6CQZ,NAG,"FUC, NAG, VX","ALA, ARG, ASN, ASP, CYS, FUC, GLN, GLU, GLY, HIS, HOH, ILE, LEU, LYS, MET, NAG, PHE, PRO, SER, THR, TRP, TYR, VAL, VX"
AChE_41,pdb_00006nea,6NEA,NAG,"FUC, HLO, NAG","ALA, ARG, ASN, ASP, CYS, FUC, GLN, GLU, GLY, HIS, HLO, HOH, ILE, LEU, LYS, MET, NAG, PHE, PRO, SER, THR, TRP, TYR, VAL"
AChE_42,pdb_00006ntg,6NTG,NAG,"FUC, HI6, L1M, NAG","ALA, ARG, ASN, ASP, CYS, FUC, GLN, GLU, GLY, HI6, HIS, HOH, ILE, L1M, LEU, LYS, MET, NAG, PHE, PRO, SER, THR, TRP, TYR, VAL"
AChE_43,pdb_00006nth,6NTH,NAG,"FUC, L0S, NAG","ALA, ARG, ASN, ASP, CYS, FUC, GLN, GLU, GLY, HIS, HOH, ILE, L0S, LEU, LYS, MET, NAG, PHE, PRO, SER, THR, TRP, TYR, VAL"
AChE_44,pdb_00006ntk,6NTK,NAG,"7PE, FUC, L0S, NAG","7PE, ALA, ARG, ASN, ASP, CYS, FUC, GLN, GLU, GLY, HIS, HOH, ILE, L0S, LEU, LYS, MET, NAG, PHE, PRO, SER, THR, TRP, TYR, VAL"
AChE_45,pdb_00006ntm,6NTM,NAG,"FUC, HI6, L0S, NAG","ALA, ARG, ASN, ASP, CYS, FUC, GLN, GLU, GLY, HI6, HIS, HOH, ILE, L0S, LEU, LYS, MET, NAG, PHE, PRO, SER, THR, TRP, TYR, VAL"
AChE_46,pdb_00006ntn,6NTN,NAG,"FUC, HI6, L2Y, NAG","ALA, ARG, ASN, ASP, CYS, FUC, GLN, GLU, GLY, HI6, HIS, HOH, ILE, L2Y, LEU, LYS, MET, NAG, PHE, PRO, SER, THR, TRP, TYR, VAL"
AChE_47,pdb_00006nto,6NTO,NAG,"7PE, FUC, L2Y, NAG, PEG","7PE, ALA, ARG, ASN, ASP, CYS, FUC, GLN, GLU, GLY, HIS, HOH, ILE, L2Y, LEU, LYS, MET, NAG, PEG, PHE, PRO, SER, THR, TRP, TYR, VAL"
AChE_48,pdb_00006wuv,6WUV,NAG,"ELT, FUC, NAG","ALA, ARG, ASN, ASP, CYS, ELT, FUC, GLN, GLU, GLY, HIS, HOH, ILE, LEU, LYS, MET, NAG, PHE, PRO, SER, THR, TRP, TYR, VAL"
AChE_49,pdb_00006wuy,6WUY,NAG,"ELT, FUC, HI6, NAG","ALA, ARG, ASN, ASP, CYS, ELT, FUC, GLN, GLU, GLY, HI6, HIS, HOH, ILE, LEU, LYS, MET, NAG, PHE, PRO, SER, THR, TRP, TYR, VAL"
AChE_50,pdb_00006wuz,6WUZ,NAG,"7PE, FUC, NAG, UCJ","7PE, ALA, ARG, ASN, ASP, CYS, FUC, GLN, GLU, GLY, HIS, HOH, ILE, LEU, LYS, MET, NAG, PHE, PRO, SER, THR, TRP, TYR, UCJ, VAL"
AChE_51,pdb_00006wv1,6WV1,NAG,"7PE, FUC, HI6, NAG, UCJ","7PE, ALA, ARG, ASN, ASP, CYS, FUC, GLN, GLU, GLY, HI6, HIS, HOH, ILE, LEU, LYS, MET, NAG, PHE, PRO, SER, THR, TRP, TYR, UCJ, VAL"
AChE_52,pdb_00006wvc,6WVC,NAG,"7PE, FUC, NAG, UCY","7PE, ALA, ARG, ASN, ASP, CYS, FUC, GLN, GLU, GLY, HIS, HOH, ILE, LEU, LYS, MET, NAG, PHE, PRO, SER, THR, TRP, TYR, UCY, VAL"
AChE_53,pdb_00006wvp,6WVP,NAG,"7PE, FUC, NAG, WW2","7PE, ALA, ARG, ASN, ASP, CYS, FUC, GLN, GLU, GLY, HIS, HOH, ILE, LEU, LYS, MET, NAG, PHE, PRO, SER, THR, TRP, TYR, VAL, WW2"
AChE_54,pdb_00006wvq,6WVQ,NAG,"7PE, FUC, NAG, UCY","7PE, ALA, ARG, ASN, ASP, CYS, FUC, GLN, GLU, GLY, HIS, HOH, ILE, LEU, LYS, MET, NAG, PHE, PRO, SER, THR, TRP, TYR, UCY, VAL"
AChE_55,pdb_00008aen,8AEN,NAG,"FUC, GAL, LWL, NAG, SIA","ALA, ARG, ASN, ASP, CL, CYS, FUC, GAL, GLN, GLU, GLY, HIS, HOH, ILE, LEU, LWL, LYS, MET, MG, NAG, PHE, PRO, SER, SIA, SO4, THR, TRP, TYR, VAL, ZN"
AChE_56,pdb_00004ey4,4EY4,NAG,"EDO, FUC, NAG, NO3, PE8","ALA, ARG, ASN, ASP, CYS, EDO, FUC, GLN, GLU, GLY, HIS, HOH, ILE, LEU, LYS, MET, NAG, NO3, PE8, PHE, PRO, SER, THR, TRP, TYR, VAL"
AChE_57,pdb_00004ey5,4EY5,NAG,"DMS, EDO, FUC, HUP, NAG, NO3","ALA, ARG, ASN, ASP, CYS, DMS, EDO, FUC, GLN, GLU, GLY, HIS, HOH, HUP, ILE, LEU, LYS, MET, NAG, NO3, PHE, PRO, SER, THR, TRP, TYR, VAL"
AChE_58,pdb_00004ey6,4EY6,NAG,"EDO, FUC, GNT, NAG, NO3, PE8","ALA, ARG, ASN, ASP, CYS, EDO, FUC, GLN, GLU, GLY, GNT, HIS, HOH, ILE, LEU, LYS, MET, NAG, NO3, PE8, PHE, PRO, SER, THR, TRP, TYR, VAL"
AChE_59,pdb_00004ey7,4EY7,NAG,"E20, EDO, FUC, NAG, NO3","ALA, ARG, ASN, ASP, CYS, E20, EDO, FUC, GLN, GLU, GLY, HIS, HOH, ILE, LEU, LYS, MET, NAG, NO3, PHE, PRO, SER, THR, TRP, TYR, VAL"
AChE_60,pdb_00004ey8,4EY8,NAG,"BMA, FUC, NAG","ALA, ARG, ASN, ASP, BMA, CYS, FUC, GLN, GLU, GLY, HIS, HOH, ILE, LEU, LYS, MET, NAG, PHE, PRO, SER, SO4, THR, TRP, TYR, VAL"
AChE_61,pdb_00004m0f,4M0F,NAG,"1YK, EDO, FUC, NAG, NO3","1YK, ALA, ARG, ASN, ASP, CYS, EDO, FUC, GLN, GLU, GLY, HIS, HOH, ILE, LEU, LYS, MET, NAG, NO3, PHE, PRO, SER, THR, TRP, TYR, VAL"
AChE_62,pdb_00005hf5,5HF5,NAG,"DEP, EDO, FUC, NAG, NO3, PE8","ALA, ARG, ASN, ASP, CYS, DEP, EDO, FUC, GLN, GLU, GLY, HIS, HOH, ILE, LEU, LYS, MET, NAG, NO3, PE8, PHE, PRO, SER, THR, TRP, TYR, VAL"
AChE_63,pdb_00005hf8,5HF8,NAG,"DEP, EDO, EFS, FUC, NAG, NO3","ALA, ARG, ASN, ASP, CYS, DEP, EDO, EFS, FUC, GLN, GLU, GLY, HIS, HOH, ILE, LEU, LYS, MET, NAG, NO3, PHE, PRO, SER, THR, TRP, TYR, VAL"
AChE_64,pdb_00005hf9,5HF9,NAG,"DEP, EDO, FUC, HI6, NAG, NO3, PE8","ALA, ARG, ASN, ASP, CYS, DEP, EDO, FUC, GLN, GLU, GLY, HI6, HIS, HOH, ILE, LEU, LYS, MET, NAG, NO3, PE8, PHE, PRO, SER, THR, TRP, TYR, VAL"
AChE_65,pdb_00005hfa,5HFA,NAG,"DEP, EDO, FP1, FUC, NAG, NO3","ALA, ARG, ASN, ASP, CYS, DEP, EDO, FP1, FUC, GLN, GLU, GLY, HIS, HOH, ILE, LEU, LYS, MET, NAG, NO3, PHE, PRO, SER, THR, TRP, TYR, VAL"
AChE_66,pdb_00006cqy,6CQY,NAG,"FUC, HI6, NAG, VX","ALA, ARG, ASN, ASP, CYS, FUC, GLN, GLU, GLY, HI6, HIS, HOH, ILE, LEU, LYS, MET, NAG, PHE, PRO, SER, THR, TRP, TYR, VAL, VX"
AChE_67,pdb_00006f25,6F25,NAG,"CVZ, FUC, NAG","ALA, ARG, ASN, ASP, CL, CVZ, CYS, FUC, GLN, GLU, GLY, HIS, HOH, ILE, LEU, LYS, MET, NAG, PHE, PRO, SER, SO4, THR, TRP, TYR, VAL"
AChE_68,pdb_00006wvo,6WVO,NAG,"EDO, FUC, GD8, HI6, NAG, NO3, PE8","ALA, ARG, ASN, ASP, CYS, EDO, FUC, GD8, GLN, GLU, GLY, HI6, HIS, HOH, ILE, LEU, LYS, MET, NAG, NO3, PE8, PHE, PRO, SER, THR, TRP, TYR, VAL"
AChE_69,pdb_00006zwe,6ZWE,NAG,"BR, FUC, NAG, QRH","ALA, ARG, ASN, ASP, BR, CL, CYS, FUC, GLN, GLU, GLY, HIS, HOH, ILE, LEU, LYS, MET, NAG, PHE, PRO, QRH, SER, SO4, THR, TRP, TYR, VAL"
AChE_70,pdb_00005fpq,5FPQ,SGB,"1PE, SGB","1PE, ALA, ARG, ASN, ASP, CYS, GLN, GLU, GLY, HIS, HOH, ILE, LEU, LYS, MET, PHE, PRO, SER, SGB, THR, TRP, TYR, VAL"
AChE_71,pdb_00001f8u,1F8U,NAG,NAG,"ALA, ARG, ASN, ASP, CYS, GLN, GLU, GLY, HIS, HOH, ILE, LEU, LYS, MET, NAG, PHE, PRO, SER, THR, TRP, TYR, VAL"
AChE_72,pdb_00004bdt,4BDT,NAG,"FUL, HUW, NAG","ALA, ARG, ASN, ASP, CL, CYS, FUL, GLN, GLU, GLY, HIS, HOH, HUW, ILE, LEU, LYS, MET, NAG, PHE, PRO, SER, SO4, THR, TRP, TYR, VAL"
AChE_73,pdb_00001b41,1B41,NAG,"FUC, NAG","ALA, ARG, ASN, ASP, CYS, FUC, GLN, GLU, GLY, HIS, HOH, ILE, LEU, LYS, MET, NAG, PHE, PRO, SER, THR, TRP, TYR, VAL"
AChE_74,pdb_00001vzj,1VZJ,MSE,MSE,"ALA, ARG, ASN, ASP, GLN, GLU, HIS, HOH, LEU, LYS, MSE, PHE, PRO, SER, THR, TRP, TYR, VAL"
AChE_75,pdb_00002x8b,2X8B,UNX,"NAG, SEN, UNX","ALA, ARG, ASN, ASP, CL, CYS, GLN, GLU, GLY, HIS, HOH, ILE, LEU, LYS, MET, NAG, PHE, PRO, SEN, SER, SO4, THR, TRP, TYR, UNX, VAL"
